SDFB,SDFP
2885.28310680252,29.441664355127756
