SDFB,SDFP,SFE,RPF,LABEL
12254978.0010874,70431.07817798204,77,1.0,1
