SDFB,SDFP,SFE,RPF,LABEL
6899168.163379835,39650.39951519136,12368,0.9999191396458317,1
