SDFB,SDFP,SFE,RPF,LABEL
18221699.899485316,104722.4132154328,1076,0.9804651162790697,1
