SDFB,SDFP
911.6315383576825,9.302362636302881
