SDFB,SDFP,SFE,RPF,LABEL
5869243.932026534,33731.2418309791,646,0.3751937984496124,1
